TIMESTAMP,SENSOR_ID,SENSOR_NAME,SENSOR_TYPE,READING,STATUS,FAULT
1787297732,1,Living Room,TEMPERATURE,0.10,ACTIVE
0.10,NORMAL
1787297732,2,Basement,HUMIDITY,0.09,ACTIVE
0.09,NORMAL
1787297732,3,Kitchen,TEMPERATURE,-0.11,ACTIVE
-0.11,NORMAL
1787297732,4,Library,HUMIDITY,-0.15,ACTIVE
-0.15,NORMAL
1787297732,6,Living Room,TEMPERATURE,-0.04,ACTIVE
-0.04,NORMAL
1787297733,1,Living Room,TEMPERATURE,0.06,ACTIVE
0.06,NORMAL
1787297733,2,Basement,HUMIDITY,-0.68,ACTIVE
-0.68,NORMAL
1787297733,3,Kitchen,TEMPERATURE,0.05,ACTIVE
0.05,NORMAL
1787297733,4,Library,HUMIDITY,0.17,ACTIVE
0.17,NORMAL
1787297733,6,Living Room,TEMPERATURE,0.04,ACTIVE
0.04,NORMAL
1787297734,1,Living Room,TEMPERATURE,-0.10,ACTIVE
-0.10,NORMAL
1787297734,2,Basement,HUMIDITY,-1.63,ACTIVE
-1.63,NORMAL
1787297734,3,Kitchen,TEMPERATURE,0.23,ACTIVE
0.23,NORMAL
1787297734,4,Library,HUMIDITY,0.40,ACTIVE
0.40,NORMAL
1787297734,6,Living Room,TEMPERATURE,0.07,ACTIVE
0.07,NORMAL
1787297735,1,Living Room,TEMPERATURE,-0.19,ACTIVE
-0.19,NORMAL
1787297735,2,Basement,HUMIDITY,-1.02,ACTIVE
-1.02,NORMAL
1787297735,3,Kitchen,TEMPERATURE,0.18,ACTIVE
0.18,NORMAL
1787297735,4,Library,HUMIDITY,-0.56,ACTIVE
-0.56,NORMAL
1787297735,6,Living Room,TEMPERATURE,0.17,ACTIVE
0.17,NORMAL
1787297736,1,Living Room,TEMPERATURE,-0.03,ACTIVE
-0.03,NORMAL
1787297736,2,Basement,HUMIDITY,-1.18,ACTIVE
-1.18,NORMAL
1787297736,3,Kitchen,TEMPERATURE,0.38,ACTIVE
0.38,NORMAL
1787297736,4,Library,HUMIDITY,-0.15,ACTIVE
-0.15,NORMAL
1787297736,6,Living Room,TEMPERATURE,0.28,ACTIVE
0.28,NORMAL
1787297737,1,Living Room,TEMPERATURE,-0.17,ACTIVE
-0.17,NORMAL
1787297737,2,Basement,HUMIDITY,-2.14,FAULTY
-2.14,NORMAL
1787297737,3,Kitchen,TEMPERATURE,0.43,ACTIVE
0.43,NORMAL
1787297737,4,Library,HUMIDITY,-1.00,ACTIVE
-1.00,NORMAL
1787297737,6,Living Room,TEMPERATURE,0.33,ACTIVE
0.33,NORMAL
1787297738,1,Living Room,TEMPERATURE,-0.01,ACTIVE
-0.01,NORMAL
1787297738,2,Basement,HUMIDITY,-2.07,FAULTY
-2.07,NORMAL
1787297738,3,Kitchen,TEMPERATURE,0.25,ACTIVE
0.25,NORMAL
1787297738,4,Library,HUMIDITY,-1.83,ACTIVE
-1.83,NORMAL
1787297738,6,Living Room,TEMPERATURE,0.28,ACTIVE
0.28,NORMAL
1787297739,1,Living Room,TEMPERATURE,-0.05,ACTIVE
-0.05,NORMAL
1787297739,2,Basement,HUMIDITY,-2.63,FAULTY
-2.63,NORMAL
1787297739,3,Kitchen,TEMPERATURE,0.34,ACTIVE
0.34,NORMAL
1787297739,4,Library,HUMIDITY,-2.75,FAULTY
-2.75,NORMAL
1787297739,6,Living Room,TEMPERATURE,0.26,ACTIVE
0.26,NORMAL
1787297740,1,Living Room,TEMPERATURE,0.06,ACTIVE
0.06,NORMAL
1787297740,2,Basement,HUMIDITY,-2.91,FAULTY
-2.91,NORMAL
1787297740,3,Kitchen,TEMPERATURE,0.49,ACTIVE
0.49,NORMAL
1787297740,4,Library,HUMIDITY,-1.98,FAULTY
-1.98,NORMAL
1787297740,6,Living Room,TEMPERATURE,0.14,ACTIVE
0.14,NORMAL
1787297741,1,Living Room,TEMPERATURE,0.19,ACTIVE
0.19,NORMAL
1787297741,2,Basement,HUMIDITY,-3.76,FAULTY
-3.76,NORMAL
1787297741,3,Kitchen,TEMPERATURE,0.58,ACTIVE
0.58,NORMAL
1787297741,4,Library,HUMIDITY,-1.43,FAULTY
-1.43,NORMAL
1787297741,6,Living Room,TEMPERATURE,0.01,ACTIVE
0.01,NORMAL
1787297742,1,Living Room,TEMPERATURE,0.29,ACTIVE
0.29,NORMAL
1787297742,2,Basement,HUMIDITY,-4.05,FAULTY
-4.05,NORMAL
1787297742,3,Kitchen,TEMPERATURE,0.58,ACTIVE
0.58,NORMAL
1787297742,4,Library,HUMIDITY,-2.27,FAULTY
-2.27,NORMAL
1787297742,6,Living Room,TEMPERATURE,-0.16,ACTIVE
-0.16,NORMAL
1787297743,1,Living Room,TEMPERATURE,0.21,ACTIVE
0.21,NORMAL
1787297743,2,Basement,HUMIDITY,-3.68,FAULTY
-3.68,NORMAL
1787297743,3,Kitchen,TEMPERATURE,0.59,ACTIVE
0.59,NORMAL
1787297743,4,Library,HUMIDITY,-3.11,FAULTY
-3.11,NORMAL
1787297743,6,Living Room,TEMPERATURE,-0.34,ACTIVE
-0.34,NORMAL
1787297744,1,Living Room,TEMPERATURE,0.41,ACTIVE
0.41,NORMAL
1787297744,2,Basement,HUMIDITY,-2.97,FAULTY
-2.97,NORMAL
1787297744,3,Kitchen,TEMPERATURE,0.54,ACTIVE
0.54,NORMAL
1787297744,4,Library,HUMIDITY,-3.60,FAULTY
-3.60,NORMAL
1787297744,6,Living Room,TEMPERATURE,-0.50,ACTIVE
-0.50,NORMAL
1787297745,1,Living Room,TEMPERATURE,0.54,ACTIVE
0.54,NORMAL
1787297745,2,Basement,HUMIDITY,-3.86,FAULTY
-3.86,NORMAL
1787297745,3,Kitchen,TEMPERATURE,0.62,ACTIVE
0.62,NORMAL
1787297745,4,Library,HUMIDITY,-3.29,FAULTY
-3.29,NORMAL
1787297745,6,Living Room,TEMPERATURE,-0.63,ACTIVE
-0.63,NORMAL
1787297746,1,Living Room,TEMPERATURE,0.59,ACTIVE
0.59,NORMAL
1787297746,2,Basement,HUMIDITY,-4.18,FAULTY
-4.18,NORMAL
1787297746,3,Kitchen,TEMPERATURE,0.72,ACTIVE
0.72,NORMAL
1787297746,4,Library,HUMIDITY,-3.18,FAULTY
-3.18,NORMAL
1787297746,6,Living Room,TEMPERATURE,-0.62,ACTIVE
-0.62,NORMAL
1787297747,1,Living Room,TEMPERATURE,0.65,ACTIVE
0.65,NORMAL
1787297747,2,Basement,HUMIDITY,-3.95,FAULTY
-3.95,NORMAL
1787297747,3,Kitchen,TEMPERATURE,0.61,ACTIVE
0.61,NORMAL
1787297747,4,Library,HUMIDITY,-2.86,FAULTY
-2.86,NORMAL
1787297747,6,Living Room,TEMPERATURE,-0.68,ACTIVE
-0.68,NORMAL
1787297748,1,Living Room,TEMPERATURE,0.57,ACTIVE
0.57,NORMAL
1787297748,2,Basement,HUMIDITY,-4.26,FAULTY
-4.26,NORMAL
1787297748,3,Kitchen,TEMPERATURE,0.51,ACTIVE
0.51,NORMAL
1787297748,4,Library,HUMIDITY,-3.19,FAULTY
-3.19,NORMAL
1787297748,6,Living Room,TEMPERATURE,-0.55,ACTIVE
-0.55,NORMAL
1787297749,1,Living Room,TEMPERATURE,0.46,ACTIVE
0.46,NORMAL
1787297749,2,Basement,HUMIDITY,-5.33,FAULTY
-5.33,NORMAL
1787297749,3,Kitchen,TEMPERATURE,0.69,ACTIVE
0.69,NORMAL
1787297749,4,Library,HUMIDITY,-3.01,FAULTY
-3.01,NORMAL
1787297749,6,Living Room,TEMPERATURE,-0.46,ACTIVE
-0.46,NORMAL
1787297750,1,Living Room,TEMPERATURE,0.43,ACTIVE
0.43,NORMAL
1787297750,2,Basement,HUMIDITY,-4.50,FAULTY
-4.50,NORMAL
1787297750,3,Kitchen,TEMPERATURE,0.64,ACTIVE
0.64,NORMAL
1787297750,4,Library,HUMIDITY,-3.97,FAULTY
-3.97,NORMAL
1787297750,6,Living Room,TEMPERATURE,-0.40,ACTIVE
-0.40,NORMAL
